{
  "ERM+Aug": {
    "mse_fixed": 0.00032115987222964507,
    "mse_ood": 0.000450151191629555,
    "ood_degradation": 1.4016420809498729
  }
}