{
  "results": {
    "baseline": {
      "mse": 0.000450151191629555,
      "position_error": 0.00010511609359924712,
      "angle_error": 0.00018726672769875572,
      "prediction_variance": 0.5444245338439941,
      "prediction_magnitude": 0.6163139343261719
    },
    "standard_tta": {
      "mse": 0.00625581127596902,
      "position_error": 0.0037488014576699596,
      "angle_error": 0.002248659554945122,
      "prediction_variance": 0.5740354061126709,
      "prediction_magnitude": 0.6279260516166687
    },
    "petta_tta": {
      "mse": 0.006252310199416421,
      "position_error": 0.003730797685432929,
      "angle_error": 0.0022977962429617353,
      "prediction_variance": 0.5755429267883301,
      "prediction_magnitude": 0.6288446187973022
    }
  },
  "adaptation_history": {
    "losses": [
      0.0007300529396161437,
      0.0006475174450315535,
      0.0006030929507687688,
      0.000568822433706373,
      0.0004904280649498105,
      0.0004762896860484034,
      0.00041451057768426836,
      0.00038280634908005595,
      0.0003698447544593364,
      0.00031749997287988663,
      0.00031759898411110044,
      0.000302342843497172,
      0.0002553535159677267,
      0.00021751972963102162,
      0.00021414132788777351,
      0.00021493574604392052,
      0.0002009212039411068,
      0.000151166706928052,
      0.00015255385369528085,
      0.00015040159632917494
    ],
    "collapse_events": [],
    "interventions": []
  },
  "collapse_metrics_final": {
    "entropy": 2.100985824213402,
    "variance":
